CREATE TABLE acl_sid (id BIGINT GENERATED BY DEFAULT AS IDENTITY (START WITH 100) NOT NULL PRIMARY KEY, principal BOOLEAN NOT NULL, sid VARCHAR_IGNORECASE(100) NOT NULL, CONSTRAINT UN_ACL_SID_PRINCIPAL UNIQUE (sid, principal));

CREATE TABLE acl_class (id BIGINT GENERATED BY DEFAULT AS IDENTITY (START WITH 100) NOT NULL PRIMARY KEY, class VARCHAR_IGNORECASE(100) NOT NULL, CONSTRAINT UN_ACL_CLASS UNIQUE (class));

CREATE TABLE acl_object_identity (id BIGINT GENERATED BY DEFAULT AS IDENTITY (START WITH 100) NOT NULL PRIMARY KEY, object_id_class BIGINT NOT NULL, object_id_identity BIGINT NOT NULL, parent_object BIGINT, owner_sid BIGINT, entries_inheriting BOOLEAN NOT NULL, CONSTRAINT UN_ACL_CLASS_ID UNIQUE (object_id_class, object_id_identity), CONSTRAINT FK_ACL_OBJ_ID FOREIGN KEY (parent_object) REFERENCES acl_object_identity (id), CONSTRAINT FK_ACL_CLASS FOREIGN KEY (object_id_class) REFERENCES acl_class (id), CONSTRAINT FK_ACL_SID FOREIGN KEY (owner_sid) REFERENCES acl_sid (id));

CREATE TABLE acl_entry (id BIGINT GENERATED BY DEFAULT AS IDENTITY (START WITH 100) NOT NULL PRIMARY KEY, acl_object_identity BIGINT  NOT NULL, ace_order INT NOT NULL, sid BIGINT  NOT NULL, mask INTEGER NOT NULL, granting BOOLEAN NOT NULL, audit_success BOOLEAN NOT NULL, audit_failure BOOLEAN NOT NULL, CONSTRAINT UK_ACL_OI_ORDER UNIQUE (acl_object_identity, ace_order), CONSTRAINT FK_ACL_ENTRY_OI FOREIGN KEY (acl_object_identity) REFERENCES acl_object_identity (id), CONSTRAINT FK_ACL_ENTRY_SID FOREIGN KEY (sid) REFERENCES acl_sid (id));

INSERT INTO SEC_ROLE (ID, PATH, ALIAS, DESCRIPTION) VALUES (1, '/USER', 'USER', 'USER');
INSERT INTO SEC_ROLE (ID, PATH, ALIAS, DESCRIPTION) VALUES (2, '/USER/ADMIN', 'ADMIN', 'ADMIN');

INSERT INTO PRJ_MENUITEM (ID, NAME, URL, MENU_GROUP, MENU_ITEM_GROUP) VALUES (1, 'PROJECT_DATA_DICT', '/project/dict', 'ADMINISTRATION', 'ENVIRONMENT');
INSERT INTO PRJ_MENUITEM (ID, NAME, URL, MENU_GROUP, MENU_ITEM_GROUP) VALUES (2, 'PROJECT_MENU_ITEM', '/project/menu', 'ADMINISTRATION', 'ENVIRONMENT');
INSERT INTO PRJ_MENUITEM (ID, NAME, URL, MENU_GROUP, MENU_ITEM_GROUP) VALUES (3, 'PROJECT_FSS', '/project/fss', 'ADMINISTRATION', 'ENVIRONMENT');
INSERT INTO PRJ_MENUITEM (ID, NAME, URL, MENU_GROUP, MENU_ITEM_GROUP) VALUES (4, 'PROJECT_SECURITY_USER', '/project/security/user', 'ADMINISTRATION', 'SECURITY');
INSERT INTO PRJ_MENUITEM (ID, NAME, URL, MENU_GROUP, MENU_ITEM_GROUP) VALUES (5, 'PROJECT_SECURITY_GROUP', '/project/security/group', 'ADMINISTRATION', 'SECURITY');
INSERT INTO PRJ_MENUITEM (ID, NAME, URL, MENU_GROUP, MENU_ITEM_GROUP) VALUES (6, 'PROJECT_SECURITY_ROLE', '/project/security/role', 'ADMINISTRATION', 'SECURITY');

insert into acl_sid (id, principal, sid) values (100, FALSE, '/USER');
insert into acl_sid (id, principal, sid) values (101, FALSE, '/USER/ADMIN');
insert into acl_class (id, class) values (100, 'com.yqboots.project.menu.core.MenuItem');
-- -10005436 (hash code of '/project/menu')
insert into acl_object_identity (id, object_id_class, object_id_identity, parent_object, owner_sid, entries_inheriting) values (100, 100, -10005436, null, 101, FALSE);
insert into acl_entry (id, acl_object_identity, ace_order, sid, mask, granting, audit_success, audit_failure) values (100, 100, 1, 101, 1, TRUE, FALSE, FALSE);
insert into acl_entry (id, acl_object_identity, ace_order, sid, mask, granting, audit_success, audit_failure) values (101, 100, 2, 101, 2, TRUE, FALSE, FALSE);
insert into acl_entry (id, acl_object_identity, ace_order, sid, mask, granting, audit_success, audit_failure) values (102, 100, 3, 101, 4, TRUE, FALSE, FALSE);
insert into acl_entry (id, acl_object_identity, ace_order, sid, mask, granting, audit_success, audit_failure) values (103, 100, 4, 101, 8, TRUE, FALSE, FALSE);
insert into acl_entry (id, acl_object_identity, ace_order, sid, mask, granting, audit_success, audit_failure) values (104, 100, 5, 101, 16, TRUE, FALSE, FALSE);
-- -10270053 (hash code of '/project/dict')
insert into acl_object_identity (id, object_id_class, object_id_identity, parent_object, owner_sid, entries_inheriting) values (101, 100, -10270053, null, 101, FALSE);
insert into acl_entry (id, acl_object_identity, ace_order, sid, mask, granting, audit_success, audit_failure) values (105, 101, 1, 101, 1, TRUE, FALSE, FALSE);
insert into acl_entry (id, acl_object_identity, ace_order, sid, mask, granting, audit_success, audit_failure) values (106, 101, 2, 101, 2, TRUE, FALSE, FALSE);
insert into acl_entry (id, acl_object_identity, ace_order, sid, mask, granting, audit_success, audit_failure) values (107, 101, 3, 101, 4, TRUE, FALSE, FALSE);
insert into acl_entry (id, acl_object_identity, ace_order, sid, mask, granting, audit_success, audit_failure) values (108, 101, 4, 101, 8, TRUE, FALSE, FALSE);
insert into acl_entry (id, acl_object_identity, ace_order, sid, mask, granting, audit_success, audit_failure) values (109, 101, 5, 101, 16, TRUE, FALSE, FALSE);
-- 830954945 (hash code of '/project/fss')
insert into acl_object_identity (id, object_id_class, object_id_identity, parent_object, owner_sid, entries_inheriting) values (102, 100, 830954945, null, 101, FALSE);
insert into acl_entry (id, acl_object_identity, ace_order, sid, mask, granting, audit_success, audit_failure) values (110, 102, 1, 101, 1, TRUE, FALSE, FALSE);
insert into acl_entry (id, acl_object_identity, ace_order, sid, mask, granting, audit_success, audit_failure) values (111, 102, 2, 101, 2, TRUE, FALSE, FALSE);
insert into acl_entry (id, acl_object_identity, ace_order, sid, mask, granting, audit_success, audit_failure) values (112, 102, 3, 101, 4, TRUE, FALSE, FALSE);
insert into acl_entry (id, acl_object_identity, ace_order, sid, mask, granting, audit_success, audit_failure) values (113, 102, 4, 101, 8, TRUE, FALSE, FALSE);
insert into acl_entry (id, acl_object_identity, ace_order, sid, mask, granting, audit_success, audit_failure) values (114, 102, 5, 101, 16, TRUE, FALSE, FALSE);

-- -37289995 (hash code of '/project/security/user')
insert into acl_object_identity (id, object_id_class, object_id_identity, parent_object, owner_sid, entries_inheriting) values (103, 100, -37289995, null, 101, FALSE);
insert into acl_entry (id, acl_object_identity, ace_order, sid, mask, granting, audit_success, audit_failure) values (115, 103, 1, 101, 1, TRUE, FALSE, FALSE);
insert into acl_entry (id, acl_object_identity, ace_order, sid, mask, granting, audit_success, audit_failure) values (116, 103, 2, 101, 2, TRUE, FALSE, FALSE);
insert into acl_entry (id, acl_object_identity, ace_order, sid, mask, granting, audit_success, audit_failure) values (117, 103, 3, 101, 4, TRUE, FALSE, FALSE);
insert into acl_entry (id, acl_object_identity, ace_order, sid, mask, granting, audit_success, audit_failure) values (118, 103, 4, 101, 8, TRUE, FALSE, FALSE);
insert into acl_entry (id, acl_object_identity, ace_order, sid, mask, granting, audit_success, audit_failure) values (119, 103, 5, 101, 16, TRUE, FALSE, FALSE);

-- -1168939115 (hash code of '/project/security/group')
insert into acl_object_identity (id, object_id_class, object_id_identity, parent_object, owner_sid, entries_inheriting) values (104, 100, -1168939115, null, 101, FALSE);
insert into acl_entry (id, acl_object_identity, ace_order, sid, mask, granting, audit_success, audit_failure) values (120, 104, 1, 101, 1, TRUE, FALSE, FALSE);
insert into acl_entry (id, acl_object_identity, ace_order, sid, mask, granting, audit_success, audit_failure) values (121, 104, 2, 101, 2, TRUE, FALSE, FALSE);
insert into acl_entry (id, acl_object_identity, ace_order, sid, mask, granting, audit_success, audit_failure) values (122, 104, 3, 101, 4, TRUE, FALSE, FALSE);
insert into acl_entry (id, acl_object_identity, ace_order, sid, mask, granting, audit_success, audit_failure) values (123, 104, 4, 101, 8, TRUE, FALSE, FALSE);
insert into acl_entry (id, acl_object_identity, ace_order, sid, mask, granting, audit_success, audit_failure) values (124, 104, 5, 101, 16, TRUE, FALSE, FALSE);

-- -37383008 (hash code of '/project/security/role')
insert into acl_object_identity (id, object_id_class, object_id_identity, parent_object, owner_sid, entries_inheriting) values (105, 100, -37383008, null, 101, FALSE);
insert into acl_entry (id, acl_object_identity, ace_order, sid, mask, granting, audit_success, audit_failure) values (125, 105, 1, 101, 1, TRUE, FALSE, FALSE);
insert into acl_entry (id, acl_object_identity, ace_order, sid, mask, granting, audit_success, audit_failure) values (126, 105, 2, 101, 2, TRUE, FALSE, FALSE);
insert into acl_entry (id, acl_object_identity, ace_order, sid, mask, granting, audit_success, audit_failure) values (127, 105, 3, 101, 4, TRUE, FALSE, FALSE);
insert into acl_entry (id, acl_object_identity, ace_order, sid, mask, granting, audit_success, audit_failure) values (128, 105, 4, 101, 8, TRUE, FALSE, FALSE);
insert into acl_entry (id, acl_object_identity, ace_order, sid, mask, granting, audit_success, audit_failure) values (129, 105, 5, 101, 16, TRUE, FALSE, FALSE);
